cnpj1;cnpj2;id_licitacao;peso
1;2;1;0.38553
1;3;1;0.13934
2;3;1;1.0
4;5;2;0.18579
4;6;2;0.6
5;6;2;1.0
7;8;3;0.18579
7;9;3;0.6
8;9;3;1.0
